timesteps,final_prevalence,mean_prevalence,peak_prevalence,time_of_peak
300,0.0006666666666666666,0.0014955555555555557,0.006666666666666667,0
