timesteps,final_prevalence,mean_prevalence,peak_prevalence,time_of_peak
300,0.0006666666666666666,0.001008888888888889,0.006666666666666667,0
